{
  "rollWidget": {
    "origin": "BOTTOM",
    "offset": {
      "f_82470_": -6.999829,
      "f_82471_": -41.333473
    }
  }
}